title,tag,sales,rating,price,brand,url,img
【Apple 官方正品】2026全新款 機械式電競鍵盤 (熱銷推薦),3C 數位,4062,4.4,6867,Apple,https://shopee.tw/search?keyword=3c,https://images.unsplash.com/photo-1566241477600-ac026ad43874?w=500
【Samsung 官方正品】2026全新款 平板電腦 Pro (熱銷推薦),3C 數位,570,4.2,14478,Samsung,https://shopee.tw/search?keyword=3c,https://images.unsplash.com/photo-1505740420928-5e560c06d30e?w=500
【Samsung 官方正品】2026全新款 輕薄手提電腦 (熱銷推薦),3C 數位,11781,4.7,35863,Samsung,https://shopee.tw/search?keyword=3c,https://images.unsplash.com/photo-1521572267360-ee0c2909d518?w=500
【平價 官方正品】2026全新款 潮流工裝縮口褲 (熱銷推薦),潮流服飾,4607,4.8,125,平價,https://shopee.tw/search?keyword=cloth,https://images.unsplash.com/photo-1505740420928-5e560c06d30e?w=500
【Nitori 官方正品】2026全新款 極簡超靜音香氛機 (熱銷推薦),居家生活,2597,4.4,3226,Nitori,https://shopee.tw/search?keyword=home,https://images.unsplash.com/photo-1542291026-7eec264c27ff?w=500
【Apple 官方正品】2026全新款 平板電腦 Pro (熱銷推薦),3C 數位,1634,4.5,22691,Apple,https://shopee.tw/search?keyword=3c,https://images.unsplash.com/photo-1544244015-0df4b3ffc6b0?w=500
【Loreal 官方正品】2026全新款 舒緩修護保濕面膜 (熱銷推薦),美妝保養,7577,4.6,1649,Loreal,https://shopee.tw/search?keyword=beauty,https://images.unsplash.com/photo-1510557880182-3d4d3cba35a5?w=500
【The Ordinary 官方正品】2026全新款 植萃深層卸妝油 (熱銷推薦),美妝保養,14557,4.9,2463,The Ordinary,https://shopee.tw/search?keyword=beauty,https://images.unsplash.com/photo-1505740420928-5e560c06d30e?w=500
【Apple 官方正品】2026全新款 輕薄手提電腦 (熱銷推薦),3C 數位,12715,4.4,5379,Apple,https://shopee.tw/search?keyword=3c,https://images.unsplash.com/photo-1505740420928-5e560c06d30e?w=500
【ASUS 官方正品】2026全新款 機械式電競鍵盤 (熱銷推薦),3C 數位,7478,4.7,24059,ASUS,https://shopee.tw/search?keyword=3c,https://images.unsplash.com/photo-1505740420928-5e560c06d30e?w=500
【Innisfree 官方正品】2026全新款 控油潔顏慕斯 (熱銷推薦),美妝保養,11030,4.4,2898,Innisfree,https://shopee.tw/search?keyword=beauty,https://images.unsplash.com/photo-1566241477600-ac026ad43874?w=500
【Samsung 官方正品】2026全新款 次世代遊戲主機 (熱銷推薦),3C 數位,8801,4.8,10858,Samsung,https://shopee.tw/search?keyword=3c,https://images.unsplash.com/photo-1521572267360-ee0c2909d518?w=500
【Nitori 官方正品】2026全新款 LED護眼智能檯燈 (熱銷推薦),居家生活,11324,4.6,2903,Nitori,https://shopee.tw/search?keyword=home,https://images.unsplash.com/photo-1542291026-7eec264c27ff?w=500
【Sony 官方正品】2026全新款 旗艦智慧手機 (熱銷推薦),3C 數位,13239,4.5,17696,Sony,https://shopee.tw/search?keyword=3c,https://images.unsplash.com/photo-1510557880182-3d4d3cba35a5?w=500
【GU 官方正品】2026全新款 美式復古大學T (熱銷推薦),潮流服飾,5205,4.4,2143,GU,https://shopee.tw/search?keyword=cloth,https://images.unsplash.com/photo-1521572267360-ee0c2909d518?w=500
【MUJI 官方正品】2026全新款 極簡超靜音香氛機 (熱銷推薦),居家生活,2337,4.4,2398,MUJI,https://shopee.tw/search?keyword=home,https://images.unsplash.com/photo-1544244015-0df4b3ffc6b0?w=500
【The Ordinary 官方正品】2026全新款 植萃深層卸妝油 (熱銷推薦),美妝保養,7069,4.9,1734,The Ordinary,https://shopee.tw/search?keyword=beauty,https://images.unsplash.com/photo-1542291026-7eec264c27ff?w=500
【Adidas 官方正品】2026全新款 潮流工裝縮口褲 (熱銷推薦),潮流服飾,8135,4.3,291,Adidas,https://shopee.tw/search?keyword=cloth,https://images.unsplash.com/photo-1510557880182-3d4d3cba35a5?w=500
【New Balance 官方正品】2026全新款 復古經典運動鞋 (熱銷推薦),潮流服飾,13027,4.7,2541,New Balance,https://shopee.tw/search?keyword=cloth,https://images.unsplash.com/photo-1510557880182-3d4d3cba35a5?w=500
【平價 官方正品】2026全新款 防滑吸水矽藻土地墊 (熱銷推薦),居家生活,7718,4.6,2365,平價,https://shopee.tw/search?keyword=home,https://images.unsplash.com/photo-1510557880182-3d4d3cba35a5?w=500
【Logitech 官方正品】2026全新款 機械式電競鍵盤 (熱銷推薦),3C 數位,12642,4.7,7460,Logitech,https://shopee.tw/search?keyword=3c,https://images.unsplash.com/photo-1542291026-7eec264c27ff?w=500
【MUJI 官方正品】2026全新款 多功能收納置物架 (熱銷推薦),居家生活,103,5.0,3046,MUJI,https://shopee.tw/search?keyword=home,https://images.unsplash.com/photo-1542291026-7eec264c27ff?w=500
【GU 官方正品】2026全新款 重磅純棉寬鬆短T (熱銷推薦),潮流服飾,14312,4.7,2716,GU,https://shopee.tw/search?keyword=cloth,https://images.unsplash.com/photo-1544244015-0df4b3ffc6b0?w=500
【Adidas 官方正品】2026全新款 防風連帽機能外套 (熱銷推薦),潮流服飾,12542,4.3,3288,Adidas,https://shopee.tw/search?keyword=cloth,https://images.unsplash.com/photo-1544244015-0df4b3ffc6b0?w=500
【Samsung 官方正品】2026全新款 高畫質曲面螢幕 (熱銷推薦),3C 數位,8055,4.2,23938,Samsung,https://shopee.tw/search?keyword=3c,https://images.unsplash.com/photo-1542291026-7eec264c27ff?w=500
【Nike 官方正品】2026全新款 復古經典運動鞋 (熱銷推薦),潮流服飾,14435,4.7,421,Nike,https://shopee.tw/search?keyword=cloth,https://images.unsplash.com/photo-1510557880182-3d4d3cba35a5?w=500
【IKEA 官方正品】2026全新款 防滑吸水矽藻土地墊 (熱銷推薦),居家生活,12597,4.3,2801,IKEA,https://shopee.tw/search?keyword=home,https://images.unsplash.com/photo-1521572267360-ee0c2909d518?w=500
【Uniqlo 官方正品】2026全新款 潮流工裝縮口褲 (熱銷推薦),潮流服飾,14343,4.7,966,Uniqlo,https://shopee.tw/search?keyword=cloth,https://images.unsplash.com/photo-1544244015-0df4b3ffc6b0?w=500
【New Balance 官方正品】2026全新款 防風連帽機能外套 (熱銷推薦),潮流服飾,6587,5.0,2760,New Balance,https://shopee.tw/search?keyword=cloth,https://images.unsplash.com/photo-1542291026-7eec264c27ff?w=500
【Philips 官方正品】2026全新款 多功能收納置物架 (熱銷推薦),居家生活,2032,4.4,361,Philips,https://shopee.tw/search?keyword=home,https://images.unsplash.com/photo-1542291026-7eec264c27ff?w=500
【Samsung 官方正品】2026全新款 輕薄手提電腦 (熱銷推薦),3C 數位,9691,4.4,4802,Samsung,https://shopee.tw/search?keyword=3c,https://images.unsplash.com/photo-1566241477600-ac026ad43874?w=500
【Sony 官方正品】2026全新款 無線降噪耳機 (熱銷推薦),3C 數位,14884,4.2,21804,Sony,https://shopee.tw/search?keyword=3c,https://images.unsplash.com/photo-1510557880182-3d4d3cba35a5?w=500
【Uniqlo 官方正品】2026全新款 美式復古大學T (熱銷推薦),潮流服飾,8003,4.4,640,Uniqlo,https://shopee.tw/search?keyword=cloth,https://images.unsplash.com/photo-1566241477600-ac026ad43874?w=500
【MUJI 官方正品】2026全新款 多功能收納置物架 (熱銷推薦),居家生活,13280,4.5,485,MUJI,https://shopee.tw/search?keyword=home,https://images.unsplash.com/photo-1510557880182-3d4d3cba35a5?w=500
【Nitori 官方正品】2026全新款 多功能收納置物架 (熱銷推薦),居家生活,6785,4.6,3085,Nitori,https://shopee.tw/search?keyword=home,https://images.unsplash.com/photo-1510557880182-3d4d3cba35a5?w=500
【Apple 官方正品】2026全新款 平板電腦 Pro (熱銷推薦),3C 數位,11981,4.5,7311,Apple,https://shopee.tw/search?keyword=3c,https://images.unsplash.com/photo-1505740420928-5e560c06d30e?w=500
【Adidas 官方正品】2026全新款 潮流工裝縮口褲 (熱銷推薦),潮流服飾,7400,4.3,850,Adidas,https://shopee.tw/search?keyword=cloth,https://images.unsplash.com/photo-1542291026-7eec264c27ff?w=500
【MUJI 官方正品】2026全新款 人體工學記憶棉枕 (熱銷推薦),居家生活,7310,4.8,2353,MUJI,https://shopee.tw/search?keyword=home,https://images.unsplash.com/photo-1510557880182-3d4d3cba35a5?w=500
【Logitech 官方正品】2026全新款 旗艦智慧手機 (熱銷推薦),3C 數位,1578,4.9,15641,Logitech,https://shopee.tw/search?keyword=3c,https://images.unsplash.com/photo-1505740420928-5e560c06d30e?w=500
【平價 官方正品】2026全新款 多功能收納置物架 (熱銷推薦),居家生活,3552,4.9,339,平價,https://shopee.tw/search?keyword=home,https://images.unsplash.com/photo-1505740420928-5e560c06d30e?w=500
【IKEA 官方正品】2026全新款 多功能收納置物架 (熱銷推薦),居家生活,4395,4.9,3314,IKEA,https://shopee.tw/search?keyword=home,https://images.unsplash.com/photo-1521572267360-ee0c2909d518?w=500
【Shiseido 官方正品】2026全新款 舒緩修護保濕面膜 (熱銷推薦),美妝保養,12018,5.0,2375,Shiseido,https://shopee.tw/search?keyword=beauty,https://images.unsplash.com/photo-1566241477600-ac026ad43874?w=500
【MUJI 官方正品】2026全新款 簡約風不鏽鋼保溫杯 (熱銷推薦),居家生活,4911,4.4,338,MUJI,https://shopee.tw/search?keyword=home,https://images.unsplash.com/photo-1544244015-0df4b3ffc6b0?w=500
【Logitech 官方正品】2026全新款 高畫質曲面螢幕 (熱銷推薦),3C 數位,986,4.2,31396,Logitech,https://shopee.tw/search?keyword=3c,https://images.unsplash.com/photo-1544244015-0df4b3ffc6b0?w=500
【Nike 官方正品】2026全新款 潮流工裝縮口褲 (熱銷推薦),潮流服飾,1362,4.9,379,Nike,https://shopee.tw/search?keyword=cloth,https://images.unsplash.com/photo-1544244015-0df4b3ffc6b0?w=500
【Logitech 官方正品】2026全新款 輕薄手提電腦 (熱銷推薦),3C 數位,6665,4.3,37484,Logitech,https://shopee.tw/search?keyword=3c,https://images.unsplash.com/photo-1505740420928-5e560c06d30e?w=500
【Samsung 官方正品】2026全新款 無線降噪耳機 (熱銷推薦),3C 數位,6918,4.7,37192,Samsung,https://shopee.tw/search?keyword=3c,https://images.unsplash.com/photo-1544244015-0df4b3ffc6b0?w=500
【Innisfree 官方正品】2026全新款 控油潔顏慕斯 (熱銷推薦),美妝保養,11022,4.8,1076,Innisfree,https://shopee.tw/search?keyword=beauty,https://images.unsplash.com/photo-1542291026-7eec264c27ff?w=500
【MUJI 官方正品】2026全新款 LED護眼智能檯燈 (熱銷推薦),居家生活,10625,4.4,1394,MUJI,https://shopee.tw/search?keyword=home,https://images.unsplash.com/photo-1510557880182-3d4d3cba35a5?w=500
【ASUS 官方正品】2026全新款 無線降噪耳機 (熱銷推薦),3C 數位,1250,4.6,33303,ASUS,https://shopee.tw/search?keyword=3c,https://images.unsplash.com/photo-1542291026-7eec264c27ff?w=500
【Uniqlo 官方正品】2026全新款 重磅純棉寬鬆短T (熱銷推薦),潮流服飾,14455,4.4,1266,Uniqlo,https://shopee.tw/search?keyword=cloth,https://images.unsplash.com/photo-1505740420928-5e560c06d30e?w=500
【Philips 官方正品】2026全新款 LED護眼智能檯燈 (熱銷推薦),居家生活,5006,4.7,3404,Philips,https://shopee.tw/search?keyword=home,https://images.unsplash.com/photo-1566241477600-ac026ad43874?w=500
【Logitech 官方正品】2026全新款 機械式電競鍵盤 (熱銷推薦),3C 數位,10918,4.3,8950,Logitech,https://shopee.tw/search?keyword=3c,https://images.unsplash.com/photo-1542291026-7eec264c27ff?w=500
【Apple 官方正品】2026全新款 次世代遊戲主機 (熱銷推薦),3C 數位,4512,4.4,13953,Apple,https://shopee.tw/search?keyword=3c,https://images.unsplash.com/photo-1566241477600-ac026ad43874?w=500
【Estee Lauder 官方正品】2026全新款 舒緩修護保濕面膜 (熱銷推薦),美妝保養,10441,4.9,2169,Estee Lauder,https://shopee.tw/search?keyword=beauty,https://images.unsplash.com/photo-1521572267360-ee0c2909d518?w=500
【Loreal 官方正品】2026全新款 高效保濕精華液 (熱銷推薦),美妝保養,10442,4.5,1232,Loreal,https://shopee.tw/search?keyword=beauty,https://images.unsplash.com/photo-1510557880182-3d4d3cba35a5?w=500
【Nintendo 官方正品】2026全新款 次世代遊戲主機 (熱銷推薦),3C 數位,10488,5.0,10739,Nintendo,https://shopee.tw/search?keyword=3c,https://images.unsplash.com/photo-1566241477600-ac026ad43874?w=500
【Philips 官方正品】2026全新款 LED護眼智能檯燈 (熱銷推薦),居家生活,7057,4.6,557,Philips,https://shopee.tw/search?keyword=home,https://images.unsplash.com/photo-1510557880182-3d4d3cba35a5?w=500
【GU 官方正品】2026全新款 重磅純棉寬鬆短T (熱銷推薦),潮流服飾,13724,4.5,2362,GU,https://shopee.tw/search?keyword=cloth,https://images.unsplash.com/photo-1505740420928-5e560c06d30e?w=500
【MUJI 官方正品】2026全新款 人體工學記憶棉枕 (熱銷推薦),居家生活,5100,4.5,3359,MUJI,https://shopee.tw/search?keyword=home,https://images.unsplash.com/photo-1510557880182-3d4d3cba35a5?w=500
【Estee Lauder 官方正品】2026全新款 舒緩修護保濕面膜 (熱銷推薦),美妝保養,4138,4.7,1547,Estee Lauder,https://shopee.tw/search?keyword=beauty,https://images.unsplash.com/photo-1544244015-0df4b3ffc6b0?w=500
【Philips 官方正品】2026全新款 LED護眼智能檯燈 (熱銷推薦),居家生活,2582,4.9,1068,Philips,https://shopee.tw/search?keyword=home,https://images.unsplash.com/photo-1505740420928-5e560c06d30e?w=500
【平價 官方正品】2026全新款 重磅純棉寬鬆短T (熱銷推薦),潮流服飾,2988,4.8,1459,平價,https://shopee.tw/search?keyword=cloth,https://images.unsplash.com/photo-1521572267360-ee0c2909d518?w=500
【Uniqlo 官方正品】2026全新款 復古經典運動鞋 (熱銷推薦),潮流服飾,12950,4.8,1665,Uniqlo,https://shopee.tw/search?keyword=cloth,https://images.unsplash.com/photo-1510557880182-3d4d3cba35a5?w=500
【MUJI 官方正品】2026全新款 簡約風不鏽鋼保溫杯 (熱銷推薦),居家生活,13428,4.9,1531,MUJI,https://shopee.tw/search?keyword=home,https://images.unsplash.com/photo-1542291026-7eec264c27ff?w=500
【Adidas 官方正品】2026全新款 重磅純棉寬鬆短T (熱銷推薦),潮流服飾,10863,4.4,1443,Adidas,https://shopee.tw/search?keyword=cloth,https://images.unsplash.com/photo-1542291026-7eec264c27ff?w=500
【Xiaomi 官方正品】2026全新款 機械式電競鍵盤 (熱銷推薦),3C 數位,5803,4.7,26343,Xiaomi,https://shopee.tw/search?keyword=3c,https://images.unsplash.com/photo-1566241477600-ac026ad43874?w=500
【Loreal 官方正品】2026全新款 高效保濕精華液 (熱銷推薦),美妝保養,14419,5.0,830,Loreal,https://shopee.tw/search?keyword=beauty,https://images.unsplash.com/photo-1544244015-0df4b3ffc6b0?w=500
【Loreal 官方正品】2026全新款 高效保濕精華液 (熱銷推薦),美妝保養,9824,4.5,3083,Loreal,https://shopee.tw/search?keyword=beauty,https://images.unsplash.com/photo-1542291026-7eec264c27ff?w=500
【Philips 官方正品】2026全新款 防滑吸水矽藻土地墊 (熱銷推薦),居家生活,1944,4.5,2460,Philips,https://shopee.tw/search?keyword=home,https://images.unsplash.com/photo-1505740420928-5e560c06d30e?w=500
【Loreal 官方正品】2026全新款 舒緩修護保濕面膜 (熱銷推薦),美妝保養,7194,4.2,3402,Loreal,https://shopee.tw/search?keyword=beauty,https://images.unsplash.com/photo-1544244015-0df4b3ffc6b0?w=500
【Uniqlo 官方正品】2026全新款 日系休閒九分褲 (熱銷推薦),潮流服飾,1196,5.0,1451,Uniqlo,https://shopee.tw/search?keyword=cloth,https://images.unsplash.com/photo-1544244015-0df4b3ffc6b0?w=500
【The Ordinary 官方正品】2026全新款 潤澤水光唇膏 (熱銷推薦),美妝保養,2091,4.8,1329,The Ordinary,https://shopee.tw/search?keyword=beauty,https://images.unsplash.com/photo-1544244015-0df4b3ffc6b0?w=500
【The Ordinary 官方正品】2026全新款 水感防曬隔離乳 (熱銷推薦),美妝保養,5394,4.5,1310,The Ordinary,https://shopee.tw/search?keyword=beauty,https://images.unsplash.com/photo-1544244015-0df4b3ffc6b0?w=500
【Adidas 官方正品】2026全新款 日系休閒九分褲 (熱銷推薦),潮流服飾,10944,5.0,2873,Adidas,https://shopee.tw/search?keyword=cloth,https://images.unsplash.com/photo-1566241477600-ac026ad43874?w=500
【GU 官方正品】2026全新款 潮流工裝縮口褲 (熱銷推薦),潮流服飾,4980,4.5,100,GU,https://shopee.tw/search?keyword=cloth,https://images.unsplash.com/photo-1542291026-7eec264c27ff?w=500
【Estee Lauder 官方正品】2026全新款 水感防曬隔離乳 (熱銷推薦),美妝保養,12923,4.7,2780,Estee Lauder,https://shopee.tw/search?keyword=beauty,https://images.unsplash.com/photo-1542291026-7eec264c27ff?w=500
【平價 官方正品】2026全新款 多功能收納置物架 (熱銷推薦),居家生活,11119,4.4,2037,平價,https://shopee.tw/search?keyword=home,https://images.unsplash.com/photo-1566241477600-ac026ad43874?w=500
【New Balance 官方正品】2026全新款 重磅純棉寬鬆短T (熱銷推薦),潮流服飾,4699,4.6,2691,New Balance,https://shopee.tw/search?keyword=cloth,https://images.unsplash.com/photo-1544244015-0df4b3ffc6b0?w=500
【Loreal 官方正品】2026全新款 潤澤水光唇膏 (熱銷推薦),美妝保養,12356,4.4,1370,Loreal,https://shopee.tw/search?keyword=beauty,https://images.unsplash.com/photo-1505740420928-5e560c06d30e?w=500
【Adidas 官方正品】2026全新款 重磅純棉寬鬆短T (熱銷推薦),潮流服飾,807,4.4,2045,Adidas,https://shopee.tw/search?keyword=cloth,https://images.unsplash.com/photo-1544244015-0df4b3ffc6b0?w=500
【ASUS 官方正品】2026全新款 平板電腦 Pro (熱銷推薦),3C 數位,14568,4.7,12892,ASUS,https://shopee.tw/search?keyword=3c,https://images.unsplash.com/photo-1566241477600-ac026ad43874?w=500
【平價 官方正品】2026全新款 多功能收納置物架 (熱銷推薦),居家生活,4047,4.3,2915,平價,https://shopee.tw/search?keyword=home,https://images.unsplash.com/photo-1510557880182-3d4d3cba35a5?w=500
【Xiaomi 官方正品】2026全新款 平板電腦 Pro (熱銷推薦),3C 數位,3635,4.3,34094,Xiaomi,https://shopee.tw/search?keyword=3c,https://images.unsplash.com/photo-1521572267360-ee0c2909d518?w=500
【Samsung 官方正品】2026全新款 輕薄手提電腦 (熱銷推薦),3C 數位,13949,4.3,8888,Samsung,https://shopee.tw/search?keyword=3c,https://images.unsplash.com/photo-1521572267360-ee0c2909d518?w=500
【Shiseido 官方正品】2026全新款 植萃深層卸妝油 (熱銷推薦),美妝保養,13403,4.8,2166,Shiseido,https://shopee.tw/search?keyword=beauty,https://images.unsplash.com/photo-1521572267360-ee0c2909d518?w=500
【MUJI 官方正品】2026全新款 LED護眼智能檯燈 (熱銷推薦),居家生活,14164,4.6,1160,MUJI,https://shopee.tw/search?keyword=home,https://images.unsplash.com/photo-1505740420928-5e560c06d30e?w=500
【平價 官方正品】2026全新款 水感防曬隔離乳 (熱銷推薦),美妝保養,10318,4.4,1900,平價,https://shopee.tw/search?keyword=beauty,https://images.unsplash.com/photo-1510557880182-3d4d3cba35a5?w=500
【Estee Lauder 官方正品】2026全新款 零瑕疵柔焦粉底液 (熱銷推薦),美妝保養,5552,4.5,2311,Estee Lauder,https://shopee.tw/search?keyword=beauty,https://images.unsplash.com/photo-1510557880182-3d4d3cba35a5?w=500
【Adidas 官方正品】2026全新款 復古經典運動鞋 (熱銷推薦),潮流服飾,6325,4.8,2992,Adidas,https://shopee.tw/search?keyword=cloth,https://images.unsplash.com/photo-1505740420928-5e560c06d30e?w=500
【ASUS 官方正品】2026全新款 平板電腦 Pro (熱銷推薦),3C 數位,5471,4.6,27398,ASUS,https://shopee.tw/search?keyword=3c,https://images.unsplash.com/photo-1510557880182-3d4d3cba35a5?w=500
【Puma 官方正品】2026全新款 日系休閒九分褲 (熱銷推薦),潮流服飾,6431,4.9,2491,Puma,https://shopee.tw/search?keyword=cloth,https://images.unsplash.com/photo-1566241477600-ac026ad43874?w=500
【Xiaomi 官方正品】2026全新款 平板電腦 Pro (熱銷推薦),3C 數位,7864,4.2,23202,Xiaomi,https://shopee.tw/search?keyword=3c,https://images.unsplash.com/photo-1542291026-7eec264c27ff?w=500
【平價 官方正品】2026全新款 防滑吸水矽藻土地墊 (熱銷推薦),居家生活,12297,4.8,3375,平價,https://shopee.tw/search?keyword=home,https://images.unsplash.com/photo-1544244015-0df4b3ffc6b0?w=500
【平價 官方正品】2026全新款 復古經典運動鞋 (熱銷推薦),潮流服飾,4521,4.5,217,平價,https://shopee.tw/search?keyword=cloth,https://images.unsplash.com/photo-1521572267360-ee0c2909d518?w=500
【The Ordinary 官方正品】2026全新款 舒緩修護保濕面膜 (熱銷推薦),美妝保養,13126,4.5,775,The Ordinary,https://shopee.tw/search?keyword=beauty,https://images.unsplash.com/photo-1521572267360-ee0c2909d518?w=500
【GU 官方正品】2026全新款 潮流工裝縮口褲 (熱銷推薦),潮流服飾,491,4.9,2523,GU,https://shopee.tw/search?keyword=cloth,https://images.unsplash.com/photo-1544244015-0df4b3ffc6b0?w=500
【Apple 官方正品】2026全新款 平板電腦 Pro (熱銷推薦),3C 數位,2273,4.9,12059,Apple,https://shopee.tw/search?keyword=3c,https://images.unsplash.com/photo-1510557880182-3d4d3cba35a5?w=500
【Shiseido 官方正品】2026全新款 零瑕疵柔焦粉底液 (熱銷推薦),美妝保養,3517,4.6,1481,Shiseido,https://shopee.tw/search?keyword=beauty,https://images.unsplash.com/photo-1521572267360-ee0c2909d518?w=500
【Shiseido 官方正品】2026全新款 零瑕疵柔焦粉底液 (熱銷推薦),美妝保養,13729,4.3,178,Shiseido,https://shopee.tw/search?keyword=beauty,https://images.unsplash.com/photo-1566241477600-ac026ad43874?w=500
【Nintendo 官方正品】2026全新款 輕薄手提電腦 (熱銷推薦),3C 數位,10701,4.3,42863,Nintendo,https://shopee.tw/search?keyword=3c,https://images.unsplash.com/photo-1510557880182-3d4d3cba35a5?w=500
【Sony 官方正品】2026全新款 輕薄手提電腦 (熱銷推薦),3C 數位,13799,4.2,10136,Sony,https://shopee.tw/search?keyword=3c,https://images.unsplash.com/photo-1505740420928-5e560c06d30e?w=500
【平價 官方正品】2026全新款 美式復古大學T (熱銷推薦),潮流服飾,1924,4.7,991,平價,https://shopee.tw/search?keyword=cloth,https://images.unsplash.com/photo-1521572267360-ee0c2909d518?w=500
【Innisfree 官方正品】2026全新款 控油潔顏慕斯 (熱銷推薦),美妝保養,9976,4.7,3162,Innisfree,https://shopee.tw/search?keyword=beauty,https://images.unsplash.com/photo-1566241477600-ac026ad43874?w=500
【Xiaomi 官方正品】2026全新款 次世代遊戲主機 (熱銷推薦),3C 數位,5146,4.3,1832,Xiaomi,https://shopee.tw/search?keyword=3c,https://images.unsplash.com/photo-1542291026-7eec264c27ff?w=500
【平價 官方正品】2026全新款 LED護眼智能檯燈 (熱銷推薦),居家生活,3299,4.3,2927,平價,https://shopee.tw/search?keyword=home,https://images.unsplash.com/photo-1566241477600-ac026ad43874?w=500
【Nike 官方正品】2026全新款 美式復古大學T (熱銷推薦),潮流服飾,12706,4.4,2901,Nike,https://shopee.tw/search?keyword=cloth,https://images.unsplash.com/photo-1544244015-0df4b3ffc6b0?w=500
【Xiaomi 官方正品】2026全新款 旗艦智慧手機 (熱銷推薦),3C 數位,5738,4.6,43503,Xiaomi,https://shopee.tw/search?keyword=3c,https://images.unsplash.com/photo-1542291026-7eec264c27ff?w=500
【Samsung 官方正品】2026全新款 高畫質曲面螢幕 (熱銷推薦),3C 數位,257,4.9,32275,Samsung,https://shopee.tw/search?keyword=3c,https://images.unsplash.com/photo-1510557880182-3d4d3cba35a5?w=500
【Nitori 官方正品】2026全新款 LED護眼智能檯燈 (熱銷推薦),居家生活,14657,4.9,2996,Nitori,https://shopee.tw/search?keyword=home,https://images.unsplash.com/photo-1505740420928-5e560c06d30e?w=500
【MUJI 官方正品】2026全新款 LED護眼智能檯燈 (熱銷推薦),居家生活,8598,5.0,1205,MUJI,https://shopee.tw/search?keyword=home,https://images.unsplash.com/photo-1544244015-0df4b3ffc6b0?w=500
【平價 官方正品】2026全新款 多功能收納置物架 (熱銷推薦),居家生活,13578,4.8,1198,平價,https://shopee.tw/search?keyword=home,https://images.unsplash.com/photo-1542291026-7eec264c27ff?w=500
【Puma 官方正品】2026全新款 重磅純棉寬鬆短T (熱銷推薦),潮流服飾,4619,4.9,1097,Puma,https://shopee.tw/search?keyword=cloth,https://images.unsplash.com/photo-1521572267360-ee0c2909d518?w=500
【Nitori 官方正品】2026全新款 人體工學記憶棉枕 (熱銷推薦),居家生活,8148,4.9,843,Nitori,https://shopee.tw/search?keyword=home,https://images.unsplash.com/photo-1521572267360-ee0c2909d518?w=500
【Uniqlo 官方正品】2026全新款 透氣復古慢跑鞋 (熱銷推薦),潮流服飾,4282,4.5,2540,Uniqlo,https://shopee.tw/search?keyword=cloth,https://images.unsplash.com/photo-1566241477600-ac026ad43874?w=500
【平價 官方正品】2026全新款 高效保濕精華液 (熱銷推薦),美妝保養,8514,5.0,449,平價,https://shopee.tw/search?keyword=beauty,https://images.unsplash.com/photo-1505740420928-5e560c06d30e?w=500
【平價 官方正品】2026全新款 防滑吸水矽藻土地墊 (熱銷推薦),居家生活,12471,4.4,2049,平價,https://shopee.tw/search?keyword=home,https://images.unsplash.com/photo-1566241477600-ac026ad43874?w=500
【平價 官方正品】2026全新款 人體工學記憶棉枕 (熱銷推薦),居家生活,1574,4.4,1755,平價,https://shopee.tw/search?keyword=home,https://images.unsplash.com/photo-1566241477600-ac026ad43874?w=500
【Uniqlo 官方正品】2026全新款 美式復古大學T (熱銷推薦),潮流服飾,9578,4.5,2366,Uniqlo,https://shopee.tw/search?keyword=cloth,https://images.unsplash.com/photo-1544244015-0df4b3ffc6b0?w=500
【Shiseido 官方正品】2026全新款 舒緩修護保濕面膜 (熱銷推薦),美妝保養,9067,4.5,2977,Shiseido,https://shopee.tw/search?keyword=beauty,https://images.unsplash.com/photo-1521572267360-ee0c2909d518?w=500
【Innisfree 官方正品】2026全新款 零瑕疵柔焦粉底液 (熱銷推薦),美妝保養,3827,4.3,887,Innisfree,https://shopee.tw/search?keyword=beauty,https://images.unsplash.com/photo-1542291026-7eec264c27ff?w=500
【Logitech 官方正品】2026全新款 次世代遊戲主機 (熱銷推薦),3C 數位,3188,4.4,31882,Logitech,https://shopee.tw/search?keyword=3c,https://images.unsplash.com/photo-1542291026-7eec264c27ff?w=500
【Loreal 官方正品】2026全新款 潤澤水光唇膏 (熱銷推薦),美妝保養,3230,4.4,1577,Loreal,https://shopee.tw/search?keyword=beauty,https://images.unsplash.com/photo-1505740420928-5e560c06d30e?w=500
【Loreal 官方正品】2026全新款 舒緩修護保濕面膜 (熱銷推薦),美妝保養,8801,4.3,285,Loreal,https://shopee.tw/search?keyword=beauty,https://images.unsplash.com/photo-1510557880182-3d4d3cba35a5?w=500
【The Ordinary 官方正品】2026全新款 控油潔顏慕斯 (熱銷推薦),美妝保養,10500,4.9,2109,The Ordinary,https://shopee.tw/search?keyword=beauty,https://images.unsplash.com/photo-1510557880182-3d4d3cba35a5?w=500
【Samsung 官方正品】2026全新款 機械式電競鍵盤 (熱銷推薦),3C 數位,7740,4.6,22478,Samsung,https://shopee.tw/search?keyword=3c,https://images.unsplash.com/photo-1505740420928-5e560c06d30e?w=500
【Nintendo 官方正品】2026全新款 無線藍牙喇叭 (熱銷推薦),3C 數位,1919,4.9,26410,Nintendo,https://shopee.tw/search?keyword=3c,https://images.unsplash.com/photo-1521572267360-ee0c2909d518?w=500
【Samsung 官方正品】2026全新款 旗艦智慧手機 (熱銷推薦),3C 數位,2535,4.3,37036,Samsung,https://shopee.tw/search?keyword=3c,https://images.unsplash.com/photo-1542291026-7eec264c27ff?w=500
【Sony 官方正品】2026全新款 無線降噪耳機 (熱銷推薦),3C 數位,9193,4.8,39885,Sony,https://shopee.tw/search?keyword=3c,https://images.unsplash.com/photo-1544244015-0df4b3ffc6b0?w=500
【Puma 官方正品】2026全新款 潮流工裝縮口褲 (熱銷推薦),潮流服飾,6282,4.6,1912,Puma,https://shopee.tw/search?keyword=cloth,https://images.unsplash.com/photo-1542291026-7eec264c27ff?w=500
【Nitori 官方正品】2026全新款 防滑吸水矽藻土地墊 (熱銷推薦),居家生活,10224,4.2,3130,Nitori,https://shopee.tw/search?keyword=home,https://images.unsplash.com/photo-1510557880182-3d4d3cba35a5?w=500
【New Balance 官方正品】2026全新款 復古經典運動鞋 (熱銷推薦),潮流服飾,4385,4.7,742,New Balance,https://shopee.tw/search?keyword=cloth,https://images.unsplash.com/photo-1505740420928-5e560c06d30e?w=500
【GU 官方正品】2026全新款 重磅純棉寬鬆短T (熱銷推薦),潮流服飾,2614,4.2,1944,GU,https://shopee.tw/search?keyword=cloth,https://images.unsplash.com/photo-1566241477600-ac026ad43874?w=500
【Nitori 官方正品】2026全新款 人體工學記憶棉枕 (熱銷推薦),居家生活,3842,4.4,1257,Nitori,https://shopee.tw/search?keyword=home,https://images.unsplash.com/photo-1566241477600-ac026ad43874?w=500
【IKEA 官方正品】2026全新款 LED護眼智能檯燈 (熱銷推薦),居家生活,3874,4.9,3325,IKEA,https://shopee.tw/search?keyword=home,https://images.unsplash.com/photo-1566241477600-ac026ad43874?w=500
【平價 官方正品】2026全新款 重磅純棉寬鬆短T (熱銷推薦),潮流服飾,8972,4.4,709,平價,https://shopee.tw/search?keyword=cloth,https://images.unsplash.com/photo-1542291026-7eec264c27ff?w=500
【Nike 官方正品】2026全新款 重磅純棉寬鬆短T (熱銷推薦),潮流服飾,2768,4.8,2536,Nike,https://shopee.tw/search?keyword=cloth,https://images.unsplash.com/photo-1566241477600-ac026ad43874?w=500
【Shiseido 官方正品】2026全新款 高效保濕精華液 (熱銷推薦),美妝保養,7729,4.8,2965,Shiseido,https://shopee.tw/search?keyword=beauty,https://images.unsplash.com/photo-1521572267360-ee0c2909d518?w=500
【平價 官方正品】2026全新款 植萃深層卸妝油 (熱銷推薦),美妝保養,8140,4.6,2548,平價,https://shopee.tw/search?keyword=beauty,https://images.unsplash.com/photo-1510557880182-3d4d3cba35a5?w=500
【3M 官方正品】2026全新款 極簡超靜音香氛機 (熱銷推薦),居家生活,9941,4.4,473,3M,https://shopee.tw/search?keyword=home,https://images.unsplash.com/photo-1505740420928-5e560c06d30e?w=500
【Xiaomi 官方正品】2026全新款 機械式電競鍵盤 (熱銷推薦),3C 數位,9491,4.2,11631,Xiaomi,https://shopee.tw/search?keyword=3c,https://images.unsplash.com/photo-1521572267360-ee0c2909d518?w=500
【Nitori 官方正品】2026全新款 簡約風不鏽鋼保溫杯 (熱銷推薦),居家生活,9640,4.5,3434,Nitori,https://shopee.tw/search?keyword=home,https://images.unsplash.com/photo-1521572267360-ee0c2909d518?w=500
【ASUS 官方正品】2026全新款 高畫質曲面螢幕 (熱銷推薦),3C 數位,6740,4.5,44067,ASUS,https://shopee.tw/search?keyword=3c,https://images.unsplash.com/photo-1510557880182-3d4d3cba35a5?w=500
【Uniqlo 官方正品】2026全新款 日系休閒九分褲 (熱銷推薦),潮流服飾,11415,4.6,2812,Uniqlo,https://shopee.tw/search?keyword=cloth,https://images.unsplash.com/photo-1521572267360-ee0c2909d518?w=500
【ASUS 官方正品】2026全新款 無線降噪耳機 (熱銷推薦),3C 數位,5203,4.4,7747,ASUS,https://shopee.tw/search?keyword=3c,https://images.unsplash.com/photo-1521572267360-ee0c2909d518?w=500
【Logitech 官方正品】2026全新款 無線藍牙喇叭 (熱銷推薦),3C 數位,6820,4.2,34126,Logitech,https://shopee.tw/search?keyword=3c,https://images.unsplash.com/photo-1542291026-7eec264c27ff?w=500
【3M 官方正品】2026全新款 多功能收納置物架 (熱銷推薦),居家生活,12501,4.2,1192,3M,https://shopee.tw/search?keyword=home,https://images.unsplash.com/photo-1544244015-0df4b3ffc6b0?w=500
【Uniqlo 官方正品】2026全新款 日系休閒九分褲 (熱銷推薦),潮流服飾,14481,4.8,596,Uniqlo,https://shopee.tw/search?keyword=cloth,https://images.unsplash.com/photo-1510557880182-3d4d3cba35a5?w=500
【New Balance 官方正品】2026全新款 復古經典運動鞋 (熱銷推薦),潮流服飾,5141,4.6,2361,New Balance,https://shopee.tw/search?keyword=cloth,https://images.unsplash.com/photo-1521572267360-ee0c2909d518?w=500
【Sony 官方正品】2026全新款 無線降噪耳機 (熱銷推薦),3C 數位,7610,5.0,42598,Sony,https://shopee.tw/search?keyword=3c,https://images.unsplash.com/photo-1505740420928-5e560c06d30e?w=500
【3M 官方正品】2026全新款 極簡超靜音香氛機 (熱銷推薦),居家生活,8387,4.8,1800,3M,https://shopee.tw/search?keyword=home,https://images.unsplash.com/photo-1521572267360-ee0c2909d518?w=500
【MUJI 官方正品】2026全新款 多功能收納置物架 (熱銷推薦),居家生活,9081,4.3,879,MUJI,https://shopee.tw/search?keyword=home,https://images.unsplash.com/photo-1544244015-0df4b3ffc6b0?w=500
【Puma 官方正品】2026全新款 重磅純棉寬鬆短T (熱銷推薦),潮流服飾,4576,4.8,1798,Puma,https://shopee.tw/search?keyword=cloth,https://images.unsplash.com/photo-1542291026-7eec264c27ff?w=500
【Loreal 官方正品】2026全新款 零瑕疵柔焦粉底液 (熱銷推薦),美妝保養,11945,4.4,2503,Loreal,https://shopee.tw/search?keyword=beauty,https://images.unsplash.com/photo-1544244015-0df4b3ffc6b0?w=500
【MUJI 官方正品】2026全新款 多功能收納置物架 (熱銷推薦),居家生活,8874,4.6,1460,MUJI,https://shopee.tw/search?keyword=home,https://images.unsplash.com/photo-1544244015-0df4b3ffc6b0?w=500
【平價 官方正品】2026全新款 極簡超靜音香氛機 (熱銷推薦),居家生活,14297,4.4,2955,平價,https://shopee.tw/search?keyword=home,https://images.unsplash.com/photo-1505740420928-5e560c06d30e?w=500
【MUJI 官方正品】2026全新款 多功能收納置物架 (熱銷推薦),居家生活,765,4.5,2036,MUJI,https://shopee.tw/search?keyword=home,https://images.unsplash.com/photo-1566241477600-ac026ad43874?w=500
【平價 官方正品】2026全新款 LED護眼智能檯燈 (熱銷推薦),居家生活,13032,4.9,722,平價,https://shopee.tw/search?keyword=home,https://images.unsplash.com/photo-1521572267360-ee0c2909d518?w=500
【Sony 官方正品】2026全新款 高畫質曲面螢幕 (熱銷推薦),3C 數位,14299,4.3,29005,Sony,https://shopee.tw/search?keyword=3c,https://images.unsplash.com/photo-1510557880182-3d4d3cba35a5?w=500
【IKEA 官方正品】2026全新款 LED護眼智能檯燈 (熱銷推薦),居家生活,2411,4.5,2780,IKEA,https://shopee.tw/search?keyword=home,https://images.unsplash.com/photo-1505740420928-5e560c06d30e?w=500
【ASUS 官方正品】2026全新款 機械式電競鍵盤 (熱銷推薦),3C 數位,5596,4.7,26199,ASUS,https://shopee.tw/search?keyword=3c,https://images.unsplash.com/photo-1566241477600-ac026ad43874?w=500
【Xiaomi 官方正品】2026全新款 高畫質曲面螢幕 (熱銷推薦),3C 數位,14014,4.7,35121,Xiaomi,https://shopee.tw/search?keyword=3c,https://images.unsplash.com/photo-1521572267360-ee0c2909d518?w=500
【The Ordinary 官方正品】2026全新款 舒緩修護保濕面膜 (熱銷推薦),美妝保養,14589,4.8,2315,The Ordinary,https://shopee.tw/search?keyword=beauty,https://images.unsplash.com/photo-1510557880182-3d4d3cba35a5?w=500
【Sony 官方正品】2026全新款 機械式電競鍵盤 (熱銷推薦),3C 數位,3777,4.8,28590,Sony,https://shopee.tw/search?keyword=3c,https://images.unsplash.com/photo-1510557880182-3d4d3cba35a5?w=500
【ASUS 官方正品】2026全新款 次世代遊戲主機 (熱銷推薦),3C 數位,11420,4.4,2047,ASUS,https://shopee.tw/search?keyword=3c,https://images.unsplash.com/photo-1510557880182-3d4d3cba35a5?w=500
【Loreal 官方正品】2026全新款 零瑕疵柔焦粉底液 (熱銷推薦),美妝保養,5923,4.5,695,Loreal,https://shopee.tw/search?keyword=beauty,https://images.unsplash.com/photo-1505740420928-5e560c06d30e?w=500
【Philips 官方正品】2026全新款 LED護眼智能檯燈 (熱銷推薦),居家生活,13034,4.3,816,Philips,https://shopee.tw/search?keyword=home,https://images.unsplash.com/photo-1510557880182-3d4d3cba35a5?w=500
【Philips 官方正品】2026全新款 LED護眼智能檯燈 (熱銷推薦),居家生活,3995,4.6,2487,Philips,https://shopee.tw/search?keyword=home,https://images.unsplash.com/photo-1505740420928-5e560c06d30e?w=500
【平價 官方正品】2026全新款 美式復古大學T (熱銷推薦),潮流服飾,4211,4.6,2830,平價,https://shopee.tw/search?keyword=cloth,https://images.unsplash.com/photo-1510557880182-3d4d3cba35a5?w=500
【Nitori 官方正品】2026全新款 LED護眼智能檯燈 (熱銷推薦),居家生活,9005,4.3,1908,Nitori,https://shopee.tw/search?keyword=home,https://images.unsplash.com/photo-1542291026-7eec264c27ff?w=500
【The Ordinary 官方正品】2026全新款 水感防曬隔離乳 (熱銷推薦),美妝保養,11360,4.4,1336,The Ordinary,https://shopee.tw/search?keyword=beauty,https://images.unsplash.com/photo-1505740420928-5e560c06d30e?w=500
【平價 官方正品】2026全新款 人體工學記憶棉枕 (熱銷推薦),居家生活,3936,4.5,1569,平價,https://shopee.tw/search?keyword=home,https://images.unsplash.com/photo-1544244015-0df4b3ffc6b0?w=500
【The Ordinary 官方正品】2026全新款 零瑕疵柔焦粉底液 (熱銷推薦),美妝保養,409,5.0,2795,The Ordinary,https://shopee.tw/search?keyword=beauty,https://images.unsplash.com/photo-1521572267360-ee0c2909d518?w=500
【Loreal 官方正品】2026全新款 植萃深層卸妝油 (熱銷推薦),美妝保養,14223,4.7,3149,Loreal,https://shopee.tw/search?keyword=beauty,https://images.unsplash.com/photo-1510557880182-3d4d3cba35a5?w=500
【Nitori 官方正品】2026全新款 簡約風不鏽鋼保溫杯 (熱銷推薦),居家生活,9996,4.8,996,Nitori,https://shopee.tw/search?keyword=home,https://images.unsplash.com/photo-1566241477600-ac026ad43874?w=500
【GU 官方正品】2026全新款 防風連帽機能外套 (熱銷推薦),潮流服飾,11154,4.8,3242,GU,https://shopee.tw/search?keyword=cloth,https://images.unsplash.com/photo-1566241477600-ac026ad43874?w=500
【New Balance 官方正品】2026全新款 重磅純棉寬鬆短T (熱銷推薦),潮流服飾,14851,4.7,260,New Balance,https://shopee.tw/search?keyword=cloth,https://images.unsplash.com/photo-1542291026-7eec264c27ff?w=500
【IKEA 官方正品】2026全新款 防滑吸水矽藻土地墊 (熱銷推薦),居家生活,6027,4.8,468,IKEA,https://shopee.tw/search?keyword=home,https://images.unsplash.com/photo-1542291026-7eec264c27ff?w=500
【The Ordinary 官方正品】2026全新款 水感防曬隔離乳 (熱銷推薦),美妝保養,2927,4.4,3320,The Ordinary,https://shopee.tw/search?keyword=beauty,https://images.unsplash.com/photo-1544244015-0df4b3ffc6b0?w=500
【平價 官方正品】2026全新款 植萃深層卸妝油 (熱銷推薦),美妝保養,4515,4.9,1151,平價,https://shopee.tw/search?keyword=beauty,https://images.unsplash.com/photo-1521572267360-ee0c2909d518?w=500
【The Ordinary 官方正品】2026全新款 潤澤水光唇膏 (熱銷推薦),美妝保養,5599,4.8,2017,The Ordinary,https://shopee.tw/search?keyword=beauty,https://images.unsplash.com/photo-1510557880182-3d4d3cba35a5?w=500
【Puma 官方正品】2026全新款 復古經典運動鞋 (熱銷推薦),潮流服飾,14142,4.7,2861,Puma,https://shopee.tw/search?keyword=cloth,https://images.unsplash.com/photo-1521572267360-ee0c2909d518?w=500
【Loreal 官方正品】2026全新款 潤澤水光唇膏 (熱銷推薦),美妝保養,6514,4.2,2296,Loreal,https://shopee.tw/search?keyword=beauty,https://images.unsplash.com/photo-1510557880182-3d4d3cba35a5?w=500
【Nitori 官方正品】2026全新款 LED護眼智能檯燈 (熱銷推薦),居家生活,12321,4.7,2493,Nitori,https://shopee.tw/search?keyword=home,https://images.unsplash.com/photo-1521572267360-ee0c2909d518?w=500
【Loreal 官方正品】2026全新款 舒緩修護保濕面膜 (熱銷推薦),美妝保養,3880,4.6,2636,Loreal,https://shopee.tw/search?keyword=beauty,https://images.unsplash.com/photo-1544244015-0df4b3ffc6b0?w=500
【平價 官方正品】2026全新款 控油潔顏慕斯 (熱銷推薦),美妝保養,10661,4.3,3473,平價,https://shopee.tw/search?keyword=beauty,https://images.unsplash.com/photo-1521572267360-ee0c2909d518?w=500
【The Ordinary 官方正品】2026全新款 水感防曬隔離乳 (熱銷推薦),美妝保養,1961,4.3,251,The Ordinary,https://shopee.tw/search?keyword=beauty,https://images.unsplash.com/photo-1542291026-7eec264c27ff?w=500
【IKEA 官方正品】2026全新款 人體工學記憶棉枕 (熱銷推薦),居家生活,3896,4.9,654,IKEA,https://shopee.tw/search?keyword=home,https://images.unsplash.com/photo-1521572267360-ee0c2909d518?w=500
【Nitori 官方正品】2026全新款 LED護眼智能檯燈 (熱銷推薦),居家生活,12225,4.8,2311,Nitori,https://shopee.tw/search?keyword=home,https://images.unsplash.com/photo-1521572267360-ee0c2909d518?w=500
【平價 官方正品】2026全新款 美式復古大學T (熱銷推薦),潮流服飾,1672,4.9,2620,平價,https://shopee.tw/search?keyword=cloth,https://images.unsplash.com/photo-1521572267360-ee0c2909d518?w=500
【Loreal 官方正品】2026全新款 舒緩修護保濕面膜 (熱銷推薦),美妝保養,6120,4.4,1920,Loreal,https://shopee.tw/search?keyword=beauty,https://images.unsplash.com/photo-1505740420928-5e560c06d30e?w=500
【Loreal 官方正品】2026全新款 舒緩修護保濕面膜 (熱銷推薦),美妝保養,6068,4.6,2740,Loreal,https://shopee.tw/search?keyword=beauty,https://images.unsplash.com/photo-1542291026-7eec264c27ff?w=500
【ASUS 官方正品】2026全新款 機械式電競鍵盤 (熱銷推薦),3C 數位,3159,5.0,29950,ASUS,https://shopee.tw/search?keyword=3c,https://images.unsplash.com/photo-1510557880182-3d4d3cba35a5?w=500
【New Balance 官方正品】2026全新款 美式復古大學T (熱銷推薦),潮流服飾,9833,5.0,306,New Balance,https://shopee.tw/search?keyword=cloth,https://images.unsplash.com/photo-1542291026-7eec264c27ff?w=500
【Adidas 官方正品】2026全新款 透氣復古慢跑鞋 (熱銷推薦),潮流服飾,9300,4.4,3497,Adidas,https://shopee.tw/search?keyword=cloth,https://images.unsplash.com/photo-1544244015-0df4b3ffc6b0?w=500
【GU 官方正品】2026全新款 復古經典運動鞋 (熱銷推薦),潮流服飾,13371,4.9,1444,GU,https://shopee.tw/search?keyword=cloth,https://images.unsplash.com/photo-1505740420928-5e560c06d30e?w=500
【Nintendo 官方正品】2026全新款 次世代遊戲主機 (熱銷推薦),3C 數位,2179,4.6,11585,Nintendo,https://shopee.tw/search?keyword=3c,https://images.unsplash.com/photo-1510557880182-3d4d3cba35a5?w=500
【Sony 官方正品】2026全新款 旗艦智慧手機 (熱銷推薦),3C 數位,5919,4.8,15743,Sony,https://shopee.tw/search?keyword=3c,https://images.unsplash.com/photo-1544244015-0df4b3ffc6b0?w=500
【Loreal 官方正品】2026全新款 控油潔顏慕斯 (熱銷推薦),美妝保養,4397,4.2,3137,Loreal,https://shopee.tw/search?keyword=beauty,https://images.unsplash.com/photo-1521572267360-ee0c2909d518?w=500
【Logitech 官方正品】2026全新款 無線降噪耳機 (熱銷推薦),3C 數位,7852,4.6,23876,Logitech,https://shopee.tw/search?keyword=3c,https://images.unsplash.com/photo-1544244015-0df4b3ffc6b0?w=500
